{"embedTypes":["iframe"],"language":"en","defaultLanguage":"es","license":"U","extraTitle":"sefsdfs","title":"sefsdfs","mainLibrary":"H5P.Blockly","preloadedDependencies":[{"machineName":"H5P.Question","majorVersion":1,"minorVersion":5},{"machineName":"FontAwesome","majorVersion":4,"minorVersion":5},{"machineName":"H5P.JoubelUI","majorVersion":1,"minorVersion":3},{"machineName":"H5P.Transition","majorVersion":1,"minorVersion":0},{"machineName":"H5P.FontIcons","majorVersion":1,"minorVersion":0},{"machineName":"H5P.Blockly","majorVersion":1,"minorVersion":0}]}