{
  "title": "Blockly Maze",
  "description": "Interactive programming puzzles using Blockly blocks to navigate through a maze",
  "majorVersion": 1,
  "minorVersion": 0,
  "patchVersion": 0,
  "runnable": 1,
  "author": "Your Organization",
  "license": "MIT",
  "machineName": "H5P.Blockly",
  "embedTypes": ["div"],
  "preloadedJs": [
    {
      "path": "blockly.js"
    }
  ],
  "preloadedCss": [
    {
      "path": "blockly.css"
    }
  ],
  "preloadedDependencies": [
    {
      "machineName": "H5P.Question",
      "majorVersion": 1,
      "minorVersion": 5
    }
  ]
}


